epoch,loss,acc,val_loss,val_acc
0,1.5776566551968205,0.21142857142857144,1.5877039222448461,0.17333333333333334
1,1.5636288618011636,0.3342857142857143,1.5749212921788396,0.28
2,1.5449093229655728,0.5171428571428571,1.552064460122545,0.49333333333333335
3,1.5179415492626946,0.38571428571428573,1.5253640225713307,0.3466666666666667
4,1.4861300676978948,0.37714285714285717,1.4920293957592357,0.3333333333333333
5,1.4521519112173364,0.32571428571428573,1.4649101593146907,0.24
6,1.4073135558395091,0.36857142857142855,1.4187674655564972,0.38666666666666666
7,1.3634349360787428,0.48,1.3723305620770623,0.48
8,1.3227036613418435,0.37714285714285717,1.3362674636706549,0.36
9,1.280144928657845,0.44285714285714284,1.2901439987248613,0.4666666666666667
10,1.2436074905592926,0.46285714285714286,1.256352745504916,0.5066666666666667
11,1.2175467922152838,0.5942857142857143,1.233183172583094,0.6133333333333333
12,1.1828304257636393,0.3742857142857143,1.2005230540111524,0.3466666666666667
13,1.1577906041548505,0.5628571428571428,1.1729346818632302,0.5733333333333334
14,1.1373704330253354,0.49714285714285716,1.1504037828431315,0.52
15,1.1172390964340677,0.5142857142857142,1.136049893555263,0.56
16,1.1016097954487805,0.5628571428571428,1.1205312424178866,0.5733333333333334
17,1.087211000676585,0.52,1.1088168329438663,0.5733333333333334
18,1.0749008108883464,0.5457142857142857,1.0966424236220054,0.5733333333333334
19,1.0642638912509788,0.5657142857142857,1.084700941415211,0.5866666666666667
20,1.0539434257138285,0.5314285714285715,1.0778892863626888,0.5466666666666666
21,1.0460416064447433,0.5914285714285714,1.068825473052391,0.6
22,1.035921026491175,0.5257142857142857,1.0590189222332607,0.5333333333333333
23,1.0268375385555113,0.52,1.0550294023216205,0.5733333333333334
24,1.018085835447554,0.52,1.0421073224038955,0.5333333333333333
25,1.0106559348432043,0.49142857142857144,1.0381400401146126,0.5333333333333333
26,1.0051560845416874,0.3742857142857143,1.0389854124279974,0.36
27,0.9937709044196362,0.5942857142857143,1.019769167596919,0.6133333333333333
28,0.9842097007576792,0.6028571428571429,1.0125946745650005,0.64
29,0.9754523269907318,0.5971428571428572,1.0026846693081433,0.64
30,0.966996154149805,0.6142857142857143,0.9965301937448574,0.6533333333333333
31,0.9592062942914091,0.5942857142857143,0.9836861555580357,0.6266666666666667
32,0.9504934445793456,0.5914285714285714,0.9763970710348082,0.6133333333333333
33,0.9428796405798194,0.5942857142857143,0.9689997616915049,0.6133333333333333
34,0.932203913385836,0.6085714285714285,0.9601870920985605,0.64
35,0.9236793938398062,0.6085714285714285,0.9520466008577932,0.6533333333333333
36,0.9175044649532258,0.6028571428571429,0.9468082075168254,0.64
37,0.9073042896202446,0.5942857142857143,0.9341786767969303,0.6133333333333333
38,0.8989733369564445,0.5971428571428572,0.9258923662410401,0.6266666666666667
39,0.890363550228463,0.6085714285714285,0.9206299396280858,0.6533333333333333
40,0.8860829389041924,0.5942857142857143,0.9141009086717181,0.6133333333333333
41,0.877147960633764,0.5828571428571429,0.9020352167526835,0.6
42,0.8680261824181139,0.6142857142857143,0.9067056289321697,0.6266666666666667
43,0.8589718138322754,0.6057142857142858,0.8947197089188351,0.6266666666666667
44,0.851841833535399,0.6,0.8825171716544647,0.64
45,0.8433741940610513,0.6085714285714285,0.8795055921072868,0.64
46,0.8368022766545362,0.6114285714285714,0.8749686179677635,0.64
47,0.8297659886980966,0.6057142857142858,0.8644946012907083,0.64
48,0.8245455976127761,0.6,0.8576435330988378,0.6133333333333333
49,0.8216826212930333,0.6342857142857142,0.8671285209150907,0.64
50,0.812332241817936,0.6028571428571429,0.8480158161643174,0.6266666666666667
51,0.8052984478120591,0.6142857142857143,0.8434913413178016,0.6266666666666667
52,0.8050625850595442,0.5971428571428572,0.8382665700654235,0.6
53,0.7948250910717992,0.6142857142857143,0.8316083341220993,0.6266666666666667
54,0.7905132659726317,0.6057142857142858,0.8208853824661353,0.64
55,0.784375772496644,0.6114285714285714,0.8199392363001164,0.6266666666666667
56,0.7797840425979413,0.6057142857142858,0.8119547874548926,0.6266666666666667
57,0.7744241617995908,0.6142857142857143,0.8124145731347314,0.6266666666666667
58,0.7717417398952239,0.6085714285714285,0.8018806663817182,0.64
59,0.7675303339229465,0.6171428571428571,0.8069201679737036,0.6133333333333333
60,0.7620842983331356,0.6142857142857143,0.7957668252186088,0.6266666666666667
61,0.7603619475305693,0.6228571428571429,0.7987599228531048,0.64
62,0.7593952544551361,0.6257142857142857,0.8028521215569547,0.6266666666666667
63,0.7538531460115178,0.6114285714285714,0.783968206502931,0.6266666666666667
64,0.7490863273908258,0.6171428571428571,0.7860102203432038,0.6133333333333333
65,0.7454782495169695,0.6142857142857143,0.7807464645764052,0.6
66,0.7418682963170506,0.6171428571428571,0.7792302714912693,0.6133333333333333
67,0.7412011776432267,0.6171428571428571,0.7728743825620462,0.6133333333333333
68,0.7369834367909981,0.62,0.7716866286467071,0.6266666666666667
69,0.733441352411248,0.6314285714285715,0.7692861618438495,0.6266666666666667
70,0.7327575838223681,0.6342857142857142,0.7696487788238424,0.64
71,0.7299641055897392,0.6228571428571429,0.7679155581247605,0.6133333333333333
72,0.726173995928496,0.6257142857142857,0.7616148951478903,0.6266666666666667
73,0.7276571648877257,0.6228571428571429,0.7667598050832932,0.6266666666666667
74,0.7225708408673951,0.6714285714285714,0.7513502713525716,0.64
75,0.7202709818275641,0.62,0.7560018849936369,0.6
76,0.7177711239349426,0.62,0.7531386917414045,0.6133333333333333
77,0.7148748592384887,0.7657142857142857,0.7489916146171418,0.76
78,0.7148362342344137,0.62,0.7454103139037374,0.6
79,0.7144130779227839,0.62,0.7387158851498365,0.6
80,0.7089800013893853,0.6257142857142857,0.7428595134759849,0.6266666666666667
81,0.7060330468377917,0.7571428571428571,0.7364818161352583,0.7733333333333333
82,0.7044151657860747,0.6257142857142857,0.7328239689799959,0.6266666666666667
83,0.7020439605661508,0.6257142857142857,0.7303341875919543,0.6266666666666667
84,0.7019831809933608,0.7428571428571429,0.7242823218023879,0.7466666666666667
85,0.6958371668384868,0.6914285714285714,0.7224827276267726,0.6266666666666667
86,0.6924312945224034,0.6428571428571429,0.7170195477409849,0.6133333333333333
87,0.6917294854012116,0.7885714285714286,0.7096146789644757,0.7866666666666666
88,0.682642898494242,0.8028571428571428,0.710173872188829,0.8266666666666667
89,0.6764870556280485,0.6971428571428572,0.6995439413878016,0.6666666666666666
90,0.6665915998762326,0.7828571428571428,0.6834903774455624,0.8
91,0.6571468400392928,0.7914285714285715,0.6710177614128106,0.7866666666666666
92,0.6462089316219569,0.8057142857142857,0.6607815454745544,0.8
93,0.6368268642182171,0.7914285714285715,0.6449092122005952,0.8133333333333334
94,0.624334386595739,0.7942857142857143,0.6432595594563696,0.8
95,0.6116937081164365,0.8057142857142857,0.6243180702218882,0.8266666666666667
96,0.5995828798978176,0.8057142857142857,0.6131350845259358,0.8133333333333334
97,0.5884255422174627,0.8,0.5940272026022325,0.8133333333333334
98,0.5765052189815144,0.8085714285714286,0.5895903033169523,0.84
99,0.5652947980095634,0.8057142857142857,0.5726993912919344,0.8266666666666667
100,0.5568579747085189,0.8,0.5644998682441974,0.8133333333333334
101,0.5518818197857422,0.8057142857142857,0.5650620417478224,0.8133333333333334
102,0.541297404081111,0.8028571428571428,0.547509975705294,0.84
103,0.5324122933946503,0.7942857142857143,0.535226065670986,0.8266666666666667
104,0.5234177984736971,0.8028571428571428,0.5383937087667202,0.84
105,0.5159628296197513,0.7971428571428572,0.5293235120420146,0.8266666666666667
106,0.5103869748388679,0.7971428571428572,0.518067652383933,0.8266666666666667
107,0.5066502517724838,0.8028571428571428,0.5192344647782905,0.84
108,0.49977575614217074,0.7971428571428572,0.5111892600782826,0.8266666666666667
109,0.49551506920490795,0.7942857142857143,0.5052948963245819,0.8266666666666667
110,0.4926182354746644,0.8057142857142857,0.5100538439003228,0.84
111,0.4889092670635883,0.8028571428571428,0.505331063743087,0.84
112,0.4859425413176382,0.7942857142857143,0.49682383440882233,0.8266666666666667
113,0.4811723797592294,0.7971428571428572,0.491501977343138,0.8266666666666667
114,0.4779809729397426,0.7971428571428572,0.48981179355215954,0.84
115,0.476891367093217,0.8057142857142857,0.4909462042357229,0.84
116,0.47515760710662375,0.8028571428571428,0.49184206269698594,0.84
117,0.47429120620253223,0.7942857142857143,0.4821836366625044,0.8266666666666667
118,0.47100466944631836,0.8,0.48465999587038927,0.8266666666666667
119,0.4667084649834004,0.7971428571428572,0.47828000052615255,0.8266666666666667
120,0.4643086342237219,0.8028571428571428,0.48110828600263666,0.84
121,0.46520634574081443,0.8085714285714286,0.48259925609941506,0.84
122,0.46022965038331254,0.8028571428571428,0.4764000263967599,0.84
123,0.4583232491096389,0.8057142857142857,0.47137600442315497,0.84
124,0.45805791781926974,0.8028571428571428,0.4736858866564945,0.84
125,0.45463486308747325,0.8057142857142857,0.4715006703555725,0.84
126,0.45468844949316184,0.8057142857142857,0.4713939505188582,0.84
127,0.453949169910045,0.7971428571428572,0.46694412434786725,0.8266666666666667
128,0.4531552374029629,0.8028571428571428,0.4689509001898051,0.84
129,0.44977300808875165,0.8028571428571428,0.46339323044695924,0.84
130,0.4502703606632707,0.8085714285714286,0.47123821207101363,0.8533333333333334
131,0.4465589394335402,0.8057142857142857,0.461604370463976,0.84
132,0.4495786237506861,0.8057142857142857,0.46292460166118277,0.8266666666666667
133,0.4456537876435817,0.8114285714285714,0.46302202037586665,0.84
134,0.44322979220372094,0.8028571428571428,0.45694950498643405,0.84
135,0.44208446027088694,0.8057142857142857,0.46141715426458824,0.84
136,0.44055170954269524,0.8028571428571428,0.45967487622692715,0.84
137,0.4520331994628944,0.8028571428571428,0.45967668393223904,0.84
138,0.43806955856623825,0.8028571428571428,0.45024480428109276,0.84
139,0.43836221728790664,0.8057142857142857,0.45433770475897345,0.84
140,0.43814916541614113,0.8085714285714286,0.44969516267337706,0.84
141,0.43898870415735985,0.8057142857142857,0.4496054978241559,0.84
142,0.4430301524880403,0.8057142857142857,0.44721030775557524,0.8266666666666667
143,0.45620029684914115,0.8085714285714286,0.4621999563301149,0.8533333333333334
144,0.43354153737617007,0.8028571428571428,0.44929446934272477,0.84
145,0.43215354101872394,0.8028571428571428,0.4474460588362879,0.84
146,0.4427077001666331,0.8371428571428572,0.465929561908294,0.88
147,0.43068313388333584,0.8057142857142857,0.45021365596994867,0.8533333333333334
148,0.4305992949893534,0.8142857142857143,0.44220902048649907,0.8666666666666667
149,0.430875050162999,0.8142857142857143,0.4382759190020592,0.8666666666666667
150,0.4286400684362656,0.8114285714285714,0.4469372337451364,0.8666666666666667
151,0.4279307623068548,0.8028571428571428,0.43586095116358686,0.84
152,0.42872034729796527,0.8057142857142857,0.44045470785525465,0.84
153,0.426671181493362,0.8142857142857143,0.4454279033392558,0.8666666666666667
154,0.4273002060587576,0.8142857142857143,0.4499029926321125,0.8533333333333334
155,0.4270598938638676,0.8028571428571428,0.44221067568432254,0.84
156,0.4256806367783213,0.8171428571428572,0.44633899650580805,0.8666666666666667
157,0.42479736775865873,0.82,0.4430592015108423,0.88
158,0.4250896232097864,0.8028571428571428,0.4347128279764026,0.84
159,0.4232077148241139,0.8142857142857143,0.4377180493289655,0.8666666666666667
160,0.4227547870592842,0.8057142857142857,0.43992566457094173,0.8533333333333334
161,0.4270157026742217,0.8142857142857143,0.43787659350979263,0.8533333333333334
162,0.42419286510702414,0.8142857142857143,0.43545715565929605,0.8533333333333334
163,0.4201690194029604,0.8171428571428572,0.43471070213789403,0.8533333333333334
164,0.42851585233518424,0.8085714285714286,0.4351227370863112,0.8666666666666667
165,0.4208890167100659,0.8114285714285714,0.42923938367933423,0.8533333333333334
166,0.4258502346193295,0.82,0.43032369235457546,0.8666666666666667
167,0.4186954934713219,0.8057142857142857,0.4282268206717236,0.8533333333333334
168,0.4192727789467604,0.8257142857142857,0.4335441706331854,0.8666666666666667
169,0.42069976848754426,0.8171428571428572,0.43325049763213486,0.8533333333333334
170,0.4170856143665618,0.8114285714285714,0.42837345970951635,0.8666666666666667
171,0.42424533634460226,0.8342857142857143,0.4407349051290502,0.8666666666666667
172,0.41610058096841873,0.8114285714285714,0.4250476577427175,0.8666666666666667
173,0.41893418054044446,0.8314285714285714,0.42780228463451747,0.8666666666666667
174,0.41724770560151747,0.8085714285714286,0.42006320236372957,0.8533333333333334
175,0.4244720035050919,0.82,0.4264813021584064,0.8666666666666667
176,0.4141311102946194,0.8142857142857143,0.42183635830677835,0.8666666666666667
177,0.42648137263640307,0.8085714285714286,0.4276438430722993,0.8666666666666667
178,0.41515342873872546,0.8057142857142857,0.4189457891783824,0.8533333333333334
179,0.4165746994599275,0.8285714285714286,0.4286454427273981,0.8666666666666667
180,0.4151543737907188,0.8142857142857143,0.41894966375336257,0.8533333333333334
181,0.4148928957186646,0.8342857142857143,0.428303018718578,0.88
182,0.4164248325543107,0.8314285714285714,0.4313214940901912,0.88
183,0.41891866052547083,0.84,0.4285786480908683,0.88
184,0.41594096953224086,0.8114285714285714,0.41675610418889186,0.84
185,0.4260369157583958,0.8171428571428572,0.42016177073301375,0.88
186,0.41237572483774704,0.82,0.41500403908603406,0.8666666666666667
187,0.41205002283058295,0.8142857142857143,0.4215375416415015,0.8666666666666667
188,0.41441889745202876,0.8114285714285714,0.42335854419687735,0.8666666666666667
189,0.41315094481017434,0.8228571428571428,0.41906630705615344,0.8666666666666667
190,0.434798744208917,0.8428571428571429,0.4518163410977158,0.8933333333333333
191,0.4134925028757719,0.8228571428571428,0.4183087438542221,0.8533333333333334
192,0.41481569744478225,0.8285714285714286,0.41741107360748125,0.8933333333333333
193,0.41249823037814,0.8257142857142857,0.4084290964809664,0.8533333333333334
194,0.4080773423438992,0.8142857142857143,0.4125499291301782,0.8666666666666667
195,0.4088010128520604,0.8257142857142857,0.4127892964350602,0.8666666666666667
196,0.408216579039107,0.8228571428571428,0.4159821293468154,0.8666666666666667
197,0.408580011447316,0.8171428571428572,0.4199451634852133,0.8666666666666667
198,0.4172870043268758,0.8314285714285714,0.41821495647105295,0.9066666666666666
199,0.4088294284395603,0.8257142857142857,0.4215832706649754,0.8666666666666667
