sample_id_sintetico,label,source_sample_id,max_time_warp_samples,noise_sigma,gain_p1,gain_p2,gain_p3,offset_p1,offset_p2,offset_p3,rmse_vs_source
363,0,82,3.0,0.002999,0.996485,0.999415,0.998462,-0.000997,-0.002071,0.000916,0.003254
364,0,185,3.0,0.001949,0.998831,0.996328,1.003363,-0.000533,-0.000242,3.6e-05,0.003218
365,0,91,3.0,0.003364,1.005339,0.992197,0.997626,0.000644,-0.00139,-0.000955,0.006814
366,0,178,3.0,0.003394,1.001734,0.994597,0.996666,0.001323,-0.000227,0.001623,0.003662
367,0,172,3.0,0.003453,1.003847,1.006044,1.004619,0.000314,-0.000454,-0.001937,0.003075
368,0,167,3.0,0.003158,1.004923,1.007879,0.998798,-0.001407,0.002018,-0.000869,0.005796
369,0,90,3.0,0.002044,0.992277,0.999981,1.002396,0.00032,-0.00117,-0.002201,0.002935
370,0,166,3.0,0.002356,0.999284,0.994382,0.995827,0.001403,-0.002394,0.00073,0.003353
371,0,168,3.0,0.001809,1.000568,1.001474,0.995725,-0.000466,0.00107,-0.00069,0.001651
372,0,173,3.0,0.002968,1.002281,1.001003,1.001002,-0.002116,-0.00156,-7.7e-05,0.002699
373,0,163,3.0,0.002196,0.994134,0.992234,1.006511,-0.000718,0.001371,0.002065,0.013837
374,0,95,3.0,0.002157,0.993771,1.007146,0.998927,-0.001554,0.000399,0.0003,0.002622
375,0,98,3.0,0.002418,1.006349,1.005397,1.004231,-0.002322,0.000417,-0.001215,0.001572
376,0,190,3.0,0.001547,0.99202,0.996457,1.000031,-0.000162,-0.000362,-0.00099,0.005356
377,0,84,3.0,0.003261,1.002724,0.997002,0.997976,-0.002303,-0.001036,-0.002125,0.003549
378,0,188,3.0,0.002375,0.996227,1.00501,0.993705,0.002452,0.001651,0.0008,0.004267
379,0,162,3.0,0.002954,0.999273,1.005362,0.997012,-0.001682,0.00188,0.001918,0.01133
380,0,175,3.0,0.001525,0.992594,0.994227,1.007379,0.000193,-0.001731,0.000409,0.00352
381,0,189,3.0,0.003019,0.992725,0.993055,0.99984,0.001283,0.001855,0.000969,0.003291
382,0,184,3.0,0.003295,1.005539,1.003341,1.006599,-0.000865,-0.000606,-0.001988,0.003075
383,0,174,3.0,0.003196,1.007411,1.00707,1.000483,0.0022,-0.002485,-0.000686,0.004433
384,0,181,3.0,0.001712,1.004145,0.9988,0.996521,0.002009,0.002052,0.000707,0.003612
385,0,94,3.0,0.002714,1.00013,0.997789,0.998312,-0.002204,-0.001372,4.6e-05,0.003196
386,0,182,3.0,0.002314,1.005926,0.994519,0.992391,-0.00162,-0.001783,-0.001137,0.004775
387,0,170,3.0,0.002316,0.997862,0.993334,1.007387,0.000392,0.00082,-0.001438,0.003858
388,0,165,3.0,0.002079,0.997308,0.999357,0.997406,0.000184,0.001577,-0.001285,0.002979
389,0,222,3.0,0.002643,0.996312,1.000203,0.998209,-0.000211,0.00134,0.002279,0.005253
390,0,89,3.0,0.002041,1.004179,0.994716,1.001549,-0.001809,-0.002318,-0.002134,0.005245
391,0,92,3.0,0.00194,0.997572,0.994278,0.993114,0.000761,0.002096,-0.00214,0.00604
392,0,86,3.0,0.002782,1.000839,1.007251,1.00727,-0.000621,5e-06,0.001967,0.004869
393,0,179,3.0,0.001677,0.999597,1.00681,0.999964,-0.001868,0.002298,0.000634,0.006145
394,0,161,3.0,0.001576,1.002952,0.992151,0.996992,0.000311,0.002161,-0.002264,0.004964
395,0,186,3.0,0.00257,0.994505,1.007255,1.005909,0.001572,-0.000888,-0.001463,0.002567
396,0,169,3.0,0.001804,0.995849,0.998695,1.006884,0.00081,-0.001329,0.000968,0.01013
397,0,164,3.0,0.002307,0.995675,1.003451,1.001487,-0.002082,0.00014,-0.002221,0.014625
398,0,187,3.0,0.003017,0.9937,1.00093,1.003964,-0.000406,-0.000182,0.000393,0.003118
399,0,85,3.0,0.002365,1.005367,0.992523,1.004378,0.002209,0.000101,0.000504,0.004223
400,0,83,3.0,0.001748,1.0027,0.992287,0.992467,0.001943,0.001987,-0.000173,0.003563
401,0,171,3.0,0.002428,0.999199,1.001477,1.002637,0.001148,0.001532,0.00086,0.004543
402,0,97,3.0,0.002821,1.000005,0.996121,1.003002,-0.000139,-0.002275,0.001611,0.00291
403,0,88,3.0,0.003172,1.003142,0.997076,0.999341,0.001929,0.001679,-0.001173,0.002953
404,0,180,3.0,0.002212,1.007035,1.005526,1.002254,-0.001435,-0.000232,0.001729,0.004364
405,0,176,3.0,0.00161,0.993497,0.996952,0.999198,-0.000565,-0.002456,-2.9e-05,0.0052
406,0,177,3.0,0.001731,0.997942,1.002762,1.007032,-0.000689,-0.002354,0.002215,0.002972
407,0,81,3.0,0.003371,1.006218,1.001853,0.998269,-0.001697,0.002205,-0.0014,0.004145
408,0,96,3.0,0.001778,0.998333,1.004829,1.007497,-0.002235,0.001769,-0.000939,0.003335
409,0,183,3.0,0.002541,1.007397,1.000345,1.004516,0.001356,-0.00017,-0.002103,0.002902
410,0,87,3.0,0.001754,1.000528,0.993799,1.00187,0.000184,-0.002215,-0.002334,0.003575
411,0,99,3.0,0.00287,1.003574,0.996044,0.993502,0.000249,-0.001987,-0.001134,0.001405
412,1,119,3.0676,0.004973,1.001838,0.997684,1.010558,0.000752,-0.001556,0.001289,0.013434
413,1,281,3.3716,0.00462,0.992003,0.988594,1.011726,0.003425,-0.001381,-0.001971,0.008641
414,1,19,6.6796,0.00474,1.006131,0.994786,1.001954,-0.002912,0.002642,0.001561,0.023333
415,1,150,5.6721,0.002607,1.008578,0.987671,1.013305,0.003645,-0.003746,0.000958,0.028031
416,1,276,5.5953,0.004899,0.989574,1.010371,1.011319,-2.8e-05,0.003885,-0.000897,0.034995
417,1,6,3.8377,0.002564,0.988883,0.997928,0.998348,-0.003298,-0.002136,-0.002687,0.020017
418,1,128,3.3746,0.003978,0.992154,0.992335,0.989448,0.001724,0.001686,0.000777,0.020853
419,1,273,3.8429,0.003127,1.007604,1.002332,1.008118,-0.002081,0.003267,-0.002486,0.022601
420,1,130,3.2381,0.002248,0.990537,1.014598,0.995101,0.000664,0.001144,-0.000889,0.019217
421,1,11,4.5149,0.003845,1.000265,0.994371,1.008881,-0.000545,0.002899,0.00274,0.021822
422,1,264,4.2769,0.002842,0.990508,0.988592,0.990174,-0.000105,-0.002188,0.003302,0.020735
423,1,156,6.8552,0.003235,0.998724,1.006944,0.9862,-0.000345,-0.000607,-0.0015,0.038292
424,1,10,6.7627,0.002407,1.000951,1.012543,1.013903,-0.003738,-0.000623,0.003135,0.022151
425,1,256,4.7875,0.002541,0.992306,1.002113,1.000862,-0.002062,-0.001973,0.000825,0.022799
426,1,152,3.9186,0.004278,0.99963,0.989314,0.990286,0.001267,0.002569,-0.00176,0.022824
427,1,103,5.2221,0.002808,1.012054,0.990044,1.011662,-0.000101,1e-06,0.001408,0.014367
428,1,7,3.3455,0.002036,1.004467,0.995951,0.988452,-0.00379,-0.002827,-0.003288,0.020808
429,1,16,3.9218,0.003984,1.013735,1.014408,0.985483,-0.002365,-0.001116,-0.002268,0.02454
430,1,101,3.4646,0.003479,0.996186,0.989197,1.000945,0.000195,-0.001778,-0.000278,0.021088
431,1,105,5.8235,0.004902,0.993275,0.989266,1.010966,-0.003006,-0.002131,0.000396,0.019368
432,1,158,6.7499,0.002214,1.007292,0.98755,1.005533,0.00033,-0.000354,0.002139,0.025918
433,1,113,5.3373,0.002595,0.996933,0.992803,0.987383,-0.001707,0.001764,-0.001862,0.01939
434,1,263,5.7312,0.003319,0.989202,0.99537,1.00222,0.003376,0.002994,-0.002504,0.030218
435,2,30,4.9579,0.002062,0.992529,1.001652,1.006275,0.003201,0.001458,0.00022,0.009536
436,2,333,5.8769,0.00287,0.992264,0.989791,0.996663,-0.002951,0.003434,0.001419,0.008062
437,2,24,6.6194,0.002968,1.013914,0.989399,0.992839,-0.001302,2.7e-05,0.003012,0.007883
438,2,34,3.2101,0.003033,1.005923,0.994933,0.99519,0.000224,0.003768,0.000132,0.005675
439,2,206,4.6026,0.002056,1.000022,1.008228,1.002757,0.000262,0.001677,0.003981,0.018834
440,2,315,4.3587,0.004617,1.005437,1.003826,0.998501,-0.003098,-8.4e-05,0.00377,0.007779
441,2,200,4.0905,0.004109,1.013883,1.002783,0.993276,0.003442,0.002754,-0.003134,0.014951
442,2,33,5.6273,0.003997,1.011952,0.987108,1.009456,5.1e-05,-0.003026,0.000384,0.012138
443,2,198,5.6455,0.004487,0.989889,0.998809,0.989205,0.001598,-0.001958,-0.002247,0.011616
444,2,37,4.8266,0.003228,0.992321,1.001479,0.991943,0.003672,0.000838,0.002973,0.006259
445,2,325,3.0133,0.002388,1.006132,0.999413,1.007458,-0.001676,0.002698,-0.00105,0.008381
446,2,210,5.5178,0.004335,1.008556,1.001981,0.996944,0.002847,0.001247,-0.002022,0.011456
447,2,23,4.586,0.003311,0.998705,1.005593,1.007616,0.003789,5e-05,0.000477,0.011408
448,2,205,5.2579,0.002156,0.98782,0.990475,0.997605,0.002549,0.003881,-0.001723,0.005699
449,2,330,5.4099,0.004652,0.985691,1.013419,1.002021,-0.000746,0.001695,0.001994,0.010764
450,2,199,6.271,0.003986,1.005206,0.995789,0.996644,-0.002548,-0.003107,0.003333,0.017091
451,2,208,4.2724,0.00323,1.006715,1.005224,1.001007,0.002505,-0.002803,4.2e-05,0.016477
452,2,326,4.3114,0.003571,1.00907,1.011764,0.992303,0.003529,-0.001302,0.003141,0.013378
453,2,218,5.3932,0.003971,1.001186,0.987855,0.993892,0.001273,-8.7e-05,-0.000168,0.013958
454,2,40,5.3987,0.003084,1.013524,1.00697,1.001397,0.00305,-0.002213,0.001401,0.009393
455,2,335,5.6334,0.003331,0.988569,0.987446,1.004552,-0.001019,0.003575,-0.001937,0.009371
456,2,32,6.4024,0.002842,0.998302,0.996782,1.007863,-5.3e-05,0.001526,-0.001031,0.011081
457,3,155,5.8506,0.003884,0.996624,1.001728,0.996762,0.002181,-0.001688,5e-06,0.015063
458,3,46,6.0726,0.004662,1.00596,1.012099,0.993215,0.000994,0.001369,-1e-06,0.01999
459,3,135,5.0859,0.004106,0.992819,1.013159,0.985822,0.000423,-0.001219,-0.001539,0.021232
460,3,41,5.882,0.004228,0.985495,0.996262,0.995558,0.002697,-0.001656,-0.002175,0.022749
461,3,123,6.62,0.002039,0.993596,0.99302,1.000527,0.001616,0.000501,-0.003155,0.027752
462,3,129,5.2734,0.003888,1.009972,1.01274,1.014989,-0.002263,-0.001913,-0.002827,0.022771
463,3,104,4.4905,0.004814,0.999193,0.987442,0.99507,-0.001037,0.000793,-0.000485,0.021515
464,3,50,5.8552,0.004653,0.997531,0.989122,1.006391,0.003605,-0.001321,-0.003968,0.015624
465,3,289,3.066,0.004464,1.011169,0.992599,1.005899,-7.6e-05,0.002387,0.00379,0.021379
466,3,145,6.7691,0.004066,1.013056,0.991786,1.000836,-0.000118,-0.001229,0.002679,0.019886
467,3,290,3.79,0.004287,0.986559,0.994139,1.001705,-0.002541,-0.001826,-0.00014,0.025033
468,3,296,3.1182,0.00402,0.994819,1.010548,1.013379,0.003392,-0.001074,-0.001459,0.010563
469,3,284,5.0178,0.004918,1.001848,1.009833,1.001618,0.000759,-0.001719,0.003558,0.023707
470,3,294,3.3316,0.003128,0.994102,0.992311,1.000378,-0.003541,0.001661,-0.002694,0.012251
471,3,56,4.6503,0.003566,1.004258,1.010229,1.014977,-0.000582,0.00305,5.5e-05,0.029798
472,3,108,3.0931,0.003144,0.987494,0.990916,1.00014,0.000511,-0.002444,0.002079,0.018408
473,3,147,4.5233,0.00382,0.989948,1.001901,0.994065,-0.002005,-0.002223,-0.001381,0.026585
474,3,120,4.4151,0.00412,0.996863,1.003189,0.991594,-0.001856,0.000814,0.00373,0.024152
475,3,141,3.3683,0.003535,0.993347,1.007441,1.009537,0.003649,0.001975,-0.001796,0.008865
476,3,300,4.2191,0.00214,1.010705,0.989705,0.994365,0.000512,-0.002688,-0.002683,0.016098
477,3,52,5.0749,0.003368,1.010166,1.00006,0.99488,-0.001425,0.001249,-0.003292,0.018405
478,3,307,5.3697,0.002277,0.999875,0.99672,1.010033,-0.000855,-2.8e-05,0.000271,0.00916
479,4,234,4.022,0.002624,1.007901,1.00685,1.006048,0.003289,-0.001214,0.001757,0.007183
480,4,246,5.9731,0.004751,1.004242,0.992361,0.996555,-0.003743,0.000774,-0.000339,0.011329
481,4,248,6.0176,0.002795,1.003339,1.001661,1.011363,0.003252,-0.002256,0.003503,0.013831
482,4,251,6.335,0.002171,1.006532,1.004677,0.989122,0.001131,-0.000942,0.002234,0.015136
483,4,64,6.6657,0.003036,0.988011,1.002856,1.006291,0.001711,0.001191,-0.001976,0.017604
484,4,79,6.8851,0.00367,0.996475,1.000576,1.006797,-0.002528,0.003699,-0.001138,0.015246
485,4,358,4.7932,0.003945,1.003492,1.010817,0.995468,-0.002655,-0.001388,0.000324,0.008679
486,4,354,5.7973,0.003543,1.006353,1.002343,0.992884,-0.001389,-0.001831,0.000485,0.012346
487,4,341,5.5359,0.002292,1.008601,1.004872,0.999407,0.000291,0.000691,0.001808,0.011123
488,4,75,5.2134,0.002845,1.01137,0.987204,1.007591,-0.00037,-0.00013,0.001099,0.01447
489,4,254,5.2718,0.003773,1.005687,0.99282,1.011453,0.001716,0.001596,0.001822,0.014566
490,4,69,4.1072,0.002515,0.98914,0.995999,1.011751,-0.003701,0.002514,-0.002744,0.011431
491,4,243,5.9444,0.004763,0.992206,0.9951,1.007622,0.003257,0.002011,-0.00107,0.009546
492,4,229,5.5377,0.003998,1.000421,1.00722,1.005045,-0.002101,0.003713,0.002492,0.013634
493,4,357,4.5146,0.004478,1.006891,1.008931,1.009228,0.003752,0.000558,-0.000116,0.011291
494,4,355,5.8566,0.003227,1.010043,0.995601,1.013352,0.002972,0.002201,0.000494,0.016316
495,4,242,3.9078,0.00265,1.014766,1.00721,1.01171,0.003412,-0.001502,-0.000737,0.008526
496,4,236,6.841,0.003999,1.003363,0.988825,0.997122,-0.001463,0.001669,-0.000159,0.023609
497,4,337,6.795,0.00293,1.007992,1.009657,1.007275,-0.002705,0.00203,-0.003919,0.014643
498,4,230,4.8371,0.003408,0.98803,1.010064,1.003432,0.001083,0.003495,-0.002169,0.011888
499,4,72,6.3527,0.003521,0.992858,1.010052,0.985647,0.002546,0.001546,0.00252,0.015084
500,4,247,6.6947,0.004256,0.992428,0.98931,0.991658,-0.00128,0.002757,-0.003312,0.0144
